{"v":"5.9.2","fr":29.9700012207031,"ip":0,"op":70.0000028511585,"w":24,"h":24,"nm":"ic_gm_my","ddd":0,"assets":[],"layers":[{"ddd":0,"ind":1,"ty":4,"nm":"line","sr":1,"ks":{"o":{"a":1,"k":[{"i":{"x":[0.833],"y":[0.833]},"o":{"x":[0.167],"y":[0.167]},"t":5,"s":[45]},{"i":{"x":[0.833],"y":[0.833]},"o":{"x":[0.167],"y":[0.167]},"t":6,"s":[100]},{"i":{"x":[0.833],"y":[0.833]},"o":{"x":[0.167],"y":[0.167]},"t":45,"s":[100]},{"t":46.0000018736184,"s":[45]}],"ix":11},"r":{"a":0,"k":0,"ix":10},"p":{"a":0,"k":[12,12,0],"ix":2,"l":2},"a":{"a":0,"k":[11,9.5,0],"ix":1,"l":2},"s":{"a":0,"k":[100,100,100],"ix":6,"l":2}},"ao":0,"shapes":[{"ty":"gr","it":[{"ind":0,"ty":"sh","ix":1,"ks":{"a":0,"k":{"i":[[0,0],[0,0]],"o":[[0,0],[0,0]],"v":[[1.5,-3],[-5.5,-3]],"c":false},"ix":2},"nm":"Path 1","mn":"ADBE Vector Shape - Group","hd":false},{"ty":"mm","mm":1,"nm":"Merge Paths 1","mn":"ADBE Vector Filter - Merge","hd":false},{"ty":"st","c":{"a":1,"k":[{"i":{"x":[0.833],"y":[0.833]},"o":{"x":[0.167],"y":[0.167]},"t":5,"s":[0.073344533584,0.055324606802,0.063933077046,1]},{"i":{"x":[0.833],"y":[0.833]},"o":{"x":[0.167],"y":[0.167]},"t":10,"s":[1,1,1,1]},{"i":{"x":[0.833],"y":[0.833]},"o":{"x":[0.167],"y":[0.167]},"t":45,"s":[1,1,1,1]},{"t":50.0000020365418,"s":[0.073344533584,0.055324606802,0.063933077046,1]}],"ix":3},"o":{"a":0,"k":100,"ix":4},"w":{"a":0,"k":1.5,"ix":5},"lc":2,"lj":2,"bm":0,"nm":"Stroke 1","mn":"ADBE Vector Graphic - Stroke","hd":false},{"ty":"tr","p":{"a":0,"k":[10.75,9.75],"ix":2},"a":{"a":0,"k":[0,0],"ix":1},"s":{"a":0,"k":[100,100],"ix":3},"r":{"a":0,"k":0,"ix":6},"o":{"a":0,"k":100,"ix":7},"sk":{"a":0,"k":0,"ix":4},"sa":{"a":0,"k":0,"ix":5},"nm":"Transform"}],"nm":"Group 1","np":3,"cix":2,"bm":0,"ix":1,"mn":"ADBE Vector Group","hd":false},{"ty":"tm","s":{"a":1,"k":[{"i":{"x":[0.833],"y":[0.833]},"o":{"x":[0.167],"y":[0.167]},"t":0,"s":[0]},{"i":{"x":[0.833],"y":[0.833]},"o":{"x":[0.167],"y":[0.167]},"t":5,"s":[100]},{"i":{"x":[0.833],"y":[0.833]},"o":{"x":[0.167],"y":[0.167]},"t":25,"s":[100]},{"i":{"x":[0.833],"y":[0.833]},"o":{"x":[0.167],"y":[0.167]},"t":30,"s":[0]},{"i":{"x":[0.833],"y":[0.833]},"o":{"x":[0.167],"y":[0.167]},"t":40,"s":[0]},{"i":{"x":[0.833],"y":[0.833]},"o":{"x":[0.167],"y":[0.167]},"t":45,"s":[100]},{"i":{"x":[0.833],"y":[0.833]},"o":{"x":[0.167],"y":[0.167]},"t":60,"s":[100]},{"t":65.0000026475043,"s":[0]}],"ix":1},"e":{"a":1,"k":[{"i":{"x":[0.833],"y":[0.833]},"o":{"x":[0.167],"y":[0.167]},"t":0,"s":[100]},{"i":{"x":[0.833],"y":[0.833]},"o":{"x":[0.167],"y":[0.167]},"t":5,"s":[100]},{"i":{"x":[0.833],"y":[0.833]},"o":{"x":[0.167],"y":[0.167]},"t":25,"s":[100]},{"i":{"x":[0.833],"y":[0.833]},"o":{"x":[0.167],"y":[0.167]},"t":30,"s":[100]},{"i":{"x":[0.833],"y":[0.833]},"o":{"x":[0.167],"y":[0.167]},"t":40,"s":[100]},{"i":{"x":[0.833],"y":[0.833]},"o":{"x":[0.167],"y":[0.167]},"t":45,"s":[100]},{"i":{"x":[0.833],"y":[0.833]},"o":{"x":[0.167],"y":[0.167]},"t":60,"s":[100]},{"t":65.0000026475043,"s":[100]}],"ix":2},"o":{"a":0,"k":0,"ix":3},"m":1,"ix":2,"nm":"Trim Paths 1","mn":"ADBE Vector Filter - Trim","hd":false}],"ip":0,"op":2071.00008435356,"st":0,"bm":0},{"ddd":0,"ind":2,"ty":4,"nm":"off","sr":1,"ks":{"o":{"a":1,"k":[{"i":{"x":[0.833],"y":[0.833]},"o":{"x":[0.167],"y":[0.167]},"t":10,"s":[45]},{"i":{"x":[0.833],"y":[0.833]},"o":{"x":[0.167],"y":[0.167]},"t":15,"s":[0]},{"i":{"x":[0.833],"y":[0.833]},"o":{"x":[0.167],"y":[0.167]},"t":50,"s":[0]},{"t":55.0000022401959,"s":[45]}],"ix":11},"r":{"a":0,"k":0,"ix":10},"p":{"a":0,"k":[12,12,0],"ix":2,"l":2},"a":{"a":0,"k":[11,9.5,0],"ix":1,"l":2},"s":{"a":1,"k":[{"i":{"x":[0.833,0.833,0.833],"y":[0.833,0.833,0.833]},"o":{"x":[0.167,0.167,0.167],"y":[0.167,0.167,0.167]},"t":5,"s":[100,100,100]},{"i":{"x":[0.833,0.833,0.833],"y":[0.833,0.833,0.833]},"o":{"x":[0.167,0.167,0.167],"y":[0.167,0.167,0.167]},"t":10,"s":[80,80,100]},{"i":{"x":[0.833,0.833,0.833],"y":[0.833,0.833,0.833]},"o":{"x":[0.167,0.167,0.167],"y":[0.167,0.167,0.167]},"t":50,"s":[80,80,100]},{"i":{"x":[0.833,0.833,0.833],"y":[0.833,0.833,0.833]},"o":{"x":[0.167,0.167,0.167],"y":[0.167,0.167,0.167]},"t":55,"s":[105,105,100]},{"t":60.0000024438501,"s":[100,100,100]}],"ix":6,"l":2}},"ao":0,"shapes":[{"ty":"gr","it":[{"ind":0,"ty":"sh","ix":1,"ks":{"a":0,"k":{"i":[[0,-0.55],[0,0],[0.561,-0.02],[0,0],[0.09,1.08],[-0.42,0.41],[-0.56,0],[0,0]],"o":[[0,0],[0,0.55],[0,0],[-1.08,0],[-0.06,-0.63],[0.37,-0.38],[0,0],[0.561,0.02]],"v":[[10,-1.03],[10,1.03],[9,2.05],[7.04,2.05],[4.88,0.18],[5.48,-1.45],[6.92,-2.05],[9,-2.05]],"c":true},"ix":2},"nm":"Path 2","mn":"ADBE Vector Shape - Group","hd":false},{"ind":1,"ty":"sh","ix":2,"ks":{"a":0,"k":{"i":[[0.37,-0.38],[-0.06,-0.63],[-1.08,0],[0,0],[0,0],[3,0],[0,0],[0,3],[0,0],[-2.55,0.32],[-0.28,0],[0,0],[-0.24,-0.04],[0,-2.74],[0,0],[0,0]],"o":[[-0.42,0.41],[0.09,1.08],[0,0],[0,0],[0,3],[0,0],[-3,0],[0,0],[0,-2.72],[0.26,-0.04],[0,0],[0.26,0],[2.58,0.3],[0,0],[0,0],[-0.56,0]],"v":[[5.479,-1.45],[4.88,0.18],[7.04,2.05],[9,2.05],[9,3.5],[4,8.5],[-5,8.5],[-10,3.5],[-10,-3.5],[-5.81,-8.44],[-5,-8.5],[4,-8.5],[4.75,-8.45],[9,-3.5],[9,-2.05],[6.92,-2.05]],"c":true},"ix":2},"nm":"Path 3","mn":"ADBE Vector Shape - Group","hd":false},{"ty":"mm","mm":1,"nm":"Merge Paths 1","mn":"ADBE Vector Filter - Merge","hd":false},{"ty":"st","c":{"a":0,"k":[0.073344533584,0.055324606802,0.063933077046,1],"ix":3},"o":{"a":0,"k":100,"ix":4},"w":{"a":0,"k":1.5,"ix":5},"lc":2,"lj":2,"bm":0,"nm":"Stroke 1","mn":"ADBE Vector Graphic - Stroke","hd":false},{"ty":"tr","p":{"a":0,"k":[10.75,9.75],"ix":2},"a":{"a":0,"k":[0,0],"ix":1},"s":{"a":0,"k":[100,100],"ix":3},"r":{"a":0,"k":0,"ix":6},"o":{"a":0,"k":100,"ix":7},"sk":{"a":0,"k":0,"ix":4},"sa":{"a":0,"k":0,"ix":5},"nm":"Transform"}],"nm":"Group 1","np":4,"cix":2,"bm":0,"ix":1,"mn":"ADBE Vector Group","hd":false}],"ip":0,"op":2071.00008435356,"st":0,"bm":0},{"ddd":0,"ind":3,"ty":4,"nm":"on","sr":1,"ks":{"o":{"a":1,"k":[{"i":{"x":[0.833],"y":[0.833]},"o":{"x":[0.167],"y":[0.167]},"t":10,"s":[0]},{"i":{"x":[0.833],"y":[0.833]},"o":{"x":[0.167],"y":[0.167]},"t":15,"s":[100]},{"i":{"x":[0.833],"y":[0.833]},"o":{"x":[0.167],"y":[0.167]},"t":50,"s":[100]},{"t":55.0000022401959,"s":[0]}],"ix":11},"r":{"a":0,"k":0,"ix":10},"p":{"a":0,"k":[12,12,0],"ix":2,"l":2},"a":{"a":0,"k":[11.5,10.5,0],"ix":1,"l":2},"s":{"a":1,"k":[{"i":{"x":[0.833,0.833,0.833],"y":[0.833,0.833,0.833]},"o":{"x":[0.167,0.167,0.167],"y":[0.167,0.167,0.167]},"t":10,"s":[80,80,100]},{"i":{"x":[0.833,0.833,0.833],"y":[0.833,0.833,0.833]},"o":{"x":[0.167,0.167,0.167],"y":[0.167,0.167,0.167]},"t":15,"s":[105,105,100]},{"i":{"x":[0.833,0.833,0.833],"y":[0.833,0.833,0.833]},"o":{"x":[0.167,0.167,0.167],"y":[0.167,0.167,0.167]},"t":20,"s":[100,100,100]},{"i":{"x":[0.833,0.833,0.833],"y":[0.833,0.833,0.833]},"o":{"x":[0.167,0.167,0.167],"y":[0.167,0.167,0.167]},"t":45,"s":[100,100,100]},{"t":50.0000020365418,"s":[80,80,100]}],"ix":6,"l":2}},"ao":0,"hasMask":true,"masksProperties":[{"inv":false,"mode":"n","pt":{"a":0,"k":{"i":[[0,0]],"o":[[0,0]],"v":[[0.739,0.661]],"c":false},"ix":1},"o":{"a":0,"k":100,"ix":3},"x":{"a":0,"k":0,"ix":4},"nm":"Mask 1"}],"shapes":[{"ty":"gr","it":[{"ind":0,"ty":"sh","ix":1,"ks":{"a":0,"k":{"i":[[0,0],[0.22,2.499],[0,0],[0,0],[-1.026,1.006],[-1.288,0],[0,0],[0,0],[1.919,0.225],[0,0],[0,0],[0,0],[0.259,0],[0,0],[-0.258,-0.043],[0,0],[0,0],[0,0],[0,0],[-0.236,-2.612],[0,0],[0,0],[0,0],[0,0],[0,-0.017],[0.294,0],[0,0],[0.688,-0.709],[0,0],[0,0],[0,0],[0,-1.007],[-0.009,-0.108],[-2.043,0]],"o":[[-2.535,0],[0,0],[0,0],[-0.122,-1.41],[0.884,-0.906],[0,0],[0,0],[-0.355,-1.852],[0,0],[0,0],[0,0],[-0.179,-0.029],[0,0],[0.279,0],[0,0],[0,0],[0,0],[0,0],[2.569,0.301],[0,0],[0,0],[0,0],[0,0],[0.002,0.018],[0,0.288],[0,0],[-1.032,0],[0,0],[0,0],[0,0],[-0.738,0.719],[0,0.108],[0.172,1.956],[0,0]],"v":[[5.433,6.977],[0.503,2.57],[0.503,2.57],[0.501,2.569],[1.918,-1.254],[5.304,-2.656],[5.304,-2.656],[6.439,-2.656],[2.855,-5.93],[2.855,-5.93],[2.831,-5.933],[2.807,-5.937],[2.165,-5.977],[2.165,-6.977],[2.971,-6.923],[2.971,-6.923],[2.971,-6.923],[2.855,-5.93],[2.971,-6.923],[7.507,-2.226],[6.97,-2.177],[7.507,-2.226],[6.97,-2.17],[7.507,-2.225],[7.51,-2.173],[6.97,-1.656],[5.304,-1.656],[2.627,-0.548],[2.627,-0.548],[2.627,-0.549],[2.627,-0.548],[1.485,2.159],[1.499,2.483],[5.433,5.977]],"c":true},"ix":2},"nm":"Path 1","mn":"ADBE Vector Shape - Group","hd":false},{"ind":1,"ty":"sh","ix":2,"ks":{"a":0,"k":{"i":[[0,0],[0,0],[0,0]],"o":[[0,0],[0,0],[0,0]],"v":[[1.339,2.497],[0.503,2.57],[1.341,2.497]],"c":true},"ix":2},"nm":"Path 2","mn":"ADBE Vector Shape - Group","hd":false},{"ind":2,"ty":"sh","ix":3,"ks":{"a":0,"k":{"i":[[0,0],[0,0]],"o":[[0,0],[0,0]],"v":[[6.97,-2.17],[6.513,-2.123]],"c":true},"ix":2},"nm":"Path 3","mn":"ADBE Vector Shape - Group","hd":false},{"ind":3,"ty":"sh","ix":4,"ks":{"a":0,"k":{"i":[[0,0],[0,0],[0,0]],"o":[[0,0],[0,0],[0,0]],"v":[[6.512,-2.135],[6.512,-2.135],[6.97,-2.177]],"c":true},"ix":2},"nm":"Path 4","mn":"ADBE Vector Shape - Group","hd":false},{"ind":4,"ty":"sh","ix":5,"ks":{"a":0,"k":{"i":[[0,0]],"o":[[0,0]],"v":[[6.97,-2.656]],"c":true},"ix":2},"nm":"Path 5","mn":"ADBE Vector Shape - Group","hd":false},{"ind":5,"ty":"sh","ix":6,"ks":{"a":0,"k":{"i":[[0,0],[0,0],[0,0],[0,0]],"o":[[0,0],[0,0],[0,0],[0,0]],"v":[[2.165,-5.977],[-7.51,-5.977],[-7.51,-6.977],[2.165,-6.977]],"c":true},"ix":2},"nm":"Path 6","mn":"ADBE Vector Shape - Group","hd":false},{"ty":"mm","mm":1,"nm":"Merge Paths 1","mn":"ADBE Vector Filter - Merge","hd":false},{"ty":"fl","c":{"a":0,"k":[0.073344533584,0.055324606802,0.063933077046,1],"ix":4},"o":{"a":0,"k":100,"ix":5},"r":1,"bm":0,"nm":"Fill 1","mn":"ADBE Vector Graphic - Fill","hd":false},{"ty":"tr","p":{"a":0,"k":[13.885,8.702],"ix":2},"a":{"a":0,"k":[0,0],"ix":1},"s":{"a":0,"k":[100,100],"ix":3},"r":{"a":0,"k":0,"ix":6},"o":{"a":0,"k":100,"ix":7},"sk":{"a":0,"k":0,"ix":4},"sa":{"a":0,"k":0,"ix":5},"nm":"Transform"}],"nm":"Group 1","np":8,"cix":2,"bm":0,"ix":1,"mn":"ADBE Vector Group","hd":false},{"ty":"gr","it":[{"ind":0,"ty":"sh","ix":1,"ks":{"a":0,"k":{"i":[[3.01,0],[0,0],[0,2.967],[0,0],[-2.741,0.344],[-0.301,0],[0,0],[0.226,-0.035],[0,0],[0,0],[0,0],[0.606,-0.711],[0,-1.258],[0,0],[0,0],[-2.415,0],[0,0],[0,0],[-0.72,0.644],[-0.184,0.963],[0,0],[0,0],[0,0],[0,-0.288],[0.002,-0.018],[0,0],[0,0],[0,0],[0,0]],"o":[[0,0],[-2.967,0],[0,0],[0,-2.924],[0.279,-0.043],[0,0],[-0.253,0],[0,0],[0,0],[0,0],[-1.147,0.144],[-0.608,0.714],[0,0],[0,0],[0,2.414],[0,0],[0,0],[1.293,0],[0.612,-0.547],[0,0],[0,0],[0,0],[0.294,0],[0,0.017],[0,0],[0,0],[0,0],[0,0],[-0.258,2.87]],"v":[[4.852,9.138],[-4.823,9.138],[-10.198,3.763],[-10.198,-3.763],[-5.693,-9.073],[-4.823,-9.138],[-4.823,-8.138],[-5.541,-8.085],[-5.541,-8.085],[-5.555,-8.083],[-5.569,-8.081],[-8.212,-6.737],[-9.198,-3.763],[-9.198,-3.763],[-9.198,3.763],[-4.823,8.138],[-4.823,8.138],[4.852,8.138],[7.889,7.093],[9.126,4.816],[8.121,4.816],[8.121,3.816],[9.658,3.816],[10.198,4.333],[10.195,4.386],[9.658,4.33],[10.195,4.386],[10.195,4.386],[10.195,4.386]],"c":true},"ix":2},"nm":"Path 1","mn":"ADBE Vector Shape - Group","hd":false},{"ind":1,"ty":"sh","ix":2,"ks":{"a":0,"k":{"i":[[0,0],[0,0]],"o":[[0,0],[0,0]],"v":[[9.201,4.283],[9.658,4.33]],"c":true},"ix":2},"nm":"Path 2","mn":"ADBE Vector Shape - Group","hd":false},{"ty":"mm","mm":1,"nm":"Merge Paths 1","mn":"ADBE Vector Filter - Merge","hd":false},{"ty":"fl","c":{"a":0,"k":[0.073344533584,0.055324606802,0.063933077046,1],"ix":4},"o":{"a":0,"k":100,"ix":5},"r":1,"bm":0,"nm":"Fill 1","mn":"ADBE Vector Graphic - Fill","hd":false},{"ty":"tr","p":{"a":0,"k":[11.198,10.863],"ix":2},"a":{"a":0,"k":[0,0],"ix":1},"s":{"a":0,"k":[100,100],"ix":3},"r":{"a":0,"k":0,"ix":6},"o":{"a":0,"k":100,"ix":7},"sk":{"a":0,"k":0,"ix":4},"sa":{"a":0,"k":0,"ix":5},"nm":"Transform"}],"nm":"Group 2","np":4,"cix":2,"bm":0,"ix":2,"mn":"ADBE Vector Group","hd":false},{"ty":"gr","it":[{"ind":0,"ty":"sh","ix":1,"ks":{"a":0,"k":{"i":[[0,0],[0,0],[0.172,1.956],[0,0.108],[-0.738,0.719],[0,0],[0,0],[0,0],[0,0],[-1.032,0],[0,0],[0,0.288],[0.002,0.018],[0,0],[0,0],[2.569,0.301],[0,0],[0,0],[0.279,0],[0,0],[-0.329,-0.052],[-0.282,-3.062],[0,0],[-0.001,-0.044],[0,0],[0.783,0],[0,0],[0,0],[0.491,-0.507],[0,0],[0,0],[0,0],[-0.071,-0.821],[0,0],[-1.551,0]],"o":[[0,0],[-2.043,0],[-0.009,-0.108],[0,-1.007],[0,0],[0,0],[0,0],[0,0],[0.688,-0.709],[0,0],[0.294,0],[0,-0.017],[0,0],[0,0],[-0.236,-2.612],[0,0],[0,0],[-0.258,-0.043],[0,0],[0.293,0],[3.029,0.364],[0,0],[0.005,0.045],[0,0],[-0.017,0.864],[0,0],[0,0],[-0.774,0],[0,0],[0,0],[0,0],[-0.6,0.585],[0,0],[0.124,1.414],[0,0]],"v":[[4.933,6.977],[4.933,6.977],[0.998,3.483],[0.984,3.159],[2.127,0.452],[2.825,1.168],[2.131,0.456],[2.127,0.452],[2.127,0.452],[4.804,-0.656],[6.47,-0.656],[7.01,-1.173],[7.007,-1.226],[7.011,-1.226],[7.007,-1.226],[2.471,-5.923],[2.471,-5.923],[2.471,-5.923],[1.664,-5.977],[1.664,-6.977],[2.609,-6.914],[8.002,-1.329],[8.002,-1.329],[8.01,-1.195],[8.01,-1.135],[6.47,0.344],[6.47,0.344],[4.804,0.344],[2.845,1.147],[2.845,1.147],[2.834,1.158],[2.825,1.168],[1.994,3.396],[1.994,3.396],[4.933,5.977]],"c":true},"ix":2},"nm":"Path 1","mn":"ADBE Vector Shape - Group","hd":false},{"ind":1,"ty":"sh","ix":2,"ks":{"a":0,"k":{"i":[[0,0],[0,0],[0,0],[0,0],[0,0]],"o":[[0,0],[0,0],[0,0],[0,0],[0,0]],"v":[[1.664,-5.977],[1.664,-5.977],[-8.01,-5.977],[-8.01,-6.977],[1.664,-6.977]],"c":true},"ix":2},"nm":"Path 2","mn":"ADBE Vector Shape - Group","hd":false},{"ty":"mm","mm":1,"nm":"Merge Paths 1","mn":"ADBE Vector Filter - Merge","hd":false},{"ty":"fl","c":{"a":0,"k":[0.999999940162,0.999999940162,1,1],"ix":4},"o":{"a":0,"k":100,"ix":5},"r":1,"bm":0,"nm":"Fill 1","mn":"ADBE Vector Graphic - Fill","hd":false},{"ty":"tr","p":{"a":0,"k":[14.385,7.702],"ix":2},"a":{"a":0,"k":[0,0],"ix":1},"s":{"a":0,"k":[100,100],"ix":3},"r":{"a":0,"k":0,"ix":6},"o":{"a":0,"k":100,"ix":7},"sk":{"a":0,"k":0,"ix":4},"sa":{"a":0,"k":0,"ix":5},"nm":"Transform"}],"nm":"Group 3","np":4,"cix":2,"bm":0,"ix":3,"mn":"ADBE Vector Group","hd":false},{"ty":"gr","it":[{"ind":0,"ty":"sh","ix":1,"ks":{"a":0,"k":{"i":[[1.685,-0.017],[0,0],[0,3.495],[0,0],[0,0],[-0.958,1.124],[-1.589,0.202],[-0.343,0],[0,0],[0,0],[0.279,-0.043],[0,-2.924],[0,0],[-2.967,0],[0,0],[-0.258,2.87],[0,0],[0,0],[0,0],[0,0.017],[0.294,0],[0,0],[0,0],[0,0],[-0.017,-0.863],[0,0],[0.005,-0.045],[0,0],[1.133,-1.013]],"o":[[0,0],[-3.487,-0.038],[0,0],[0,0],[0,-1.666],[0.958,-1.123],[0.328,-0.05],[0,0],[0,0],[-0.301,0],[-2.741,0.344],[0,0],[0,2.967],[0,0],[3.01,0],[0,0],[0,0],[0,0],[0.002,-0.018],[0,-0.288],[0,0],[0,0],[0,0],[0.783,0],[0,0],[-0.001,0.044],[0,0],[-0.152,1.655],[-1.116,0.999]],"v":[[4.932,10.137],[-4.894,10.137],[-11.198,3.763],[-11.198,3.763],[-11.198,-3.762],[-9.735,-8.034],[-5.831,-10.064],[-4.823,-10.137],[-4.823,-10.137],[-4.823,-9.138],[-5.694,-9.073],[-10.198,-3.762],[-10.198,3.763],[-4.823,9.138],[4.852,9.138],[10.195,4.386],[10.195,4.386],[10.199,4.386],[10.195,4.386],[10.197,4.334],[9.658,3.817],[8.12,3.817],[8.12,2.817],[9.658,2.817],[11.198,4.295],[11.198,4.355],[11.19,4.488],[11.19,4.488],[9.222,8.583]],"c":true},"ix":2},"nm":"Path 1","mn":"ADBE Vector Shape - Group","hd":false},{"ty":"fl","c":{"a":0,"k":[0.999999940162,0.999999940162,1,1],"ix":4},"o":{"a":0,"k":100,"ix":5},"r":1,"bm":0,"nm":"Fill 1","mn":"ADBE Vector Graphic - Fill","hd":false},{"ty":"tr","p":{"a":0,"k":[11.198,10.863],"ix":2},"a":{"a":0,"k":[0,0],"ix":1},"s":{"a":0,"k":[100,100],"ix":3},"r":{"a":0,"k":0,"ix":6},"o":{"a":0,"k":100,"ix":7},"sk":{"a":0,"k":0,"ix":4},"sa":{"a":0,"k":0,"ix":5},"nm":"Transform"}],"nm":"Group 4","np":2,"cix":2,"bm":0,"ix":4,"mn":"ADBE Vector Group","hd":false},{"ty":"gr","it":[{"ind":0,"ty":"sh","ix":1,"ks":{"a":0,"k":{"i":[[0.311,0],[0,0],[0.172,1.956],[-0.817,0.795],[-1.032,0],[0,0],[0.032,0.312],[2.569,0.301],[0.279,0],[0,0],[0.279,-0.043],[0,-2.924],[0,0],[-2.967,0],[0,0],[-0.258,2.87]],"o":[[0,0],[-2.043,0],[-0.097,-1.118],[0.688,-0.709],[0,0],[0.311,0],[-0.236,-2.612],[-0.258,-0.043],[0,0],[-0.301,0],[-2.741,0.344],[0,0],[0,2.967],[0,0],[3.01,0],[0.032,-0.311]],"v":[[9.643,3.816],[8.106,3.816],[4.171,0.322],[5.3,-2.709],[7.977,-3.816],[9.643,-3.816],[10.18,-4.386],[5.644,-9.084],[4.837,-9.138],[-4.837,-9.138],[-5.708,-9.073],[-10.212,-3.763],[-10.212,3.763],[-4.837,9.138],[4.837,9.138],[10.18,4.386]],"c":true},"ix":2},"nm":"Path 1","mn":"ADBE Vector Shape - Group","hd":false},{"ty":"fl","c":{"a":0,"k":[0.073344533584,0.055324606802,0.063933077046,1],"ix":4},"o":{"a":0,"k":100,"ix":5},"r":1,"bm":0,"nm":"Fill 1","mn":"ADBE Vector Graphic - Fill","hd":false},{"ty":"tr","p":{"a":0,"k":[11.212,10.863],"ix":2},"a":{"a":0,"k":[0,0],"ix":1},"s":{"a":0,"k":[100,100],"ix":3},"r":{"a":0,"k":0,"ix":6},"o":{"a":0,"k":100,"ix":7},"sk":{"a":0,"k":0,"ix":4},"sa":{"a":0,"k":0,"ix":5},"nm":"Transform"}],"nm":"Group 5","np":2,"cix":2,"bm":0,"ix":5,"mn":"ADBE Vector Group","hd":false},{"ty":"gr","it":[{"ind":0,"ty":"sh","ix":1,"ks":{"a":0,"k":{"i":[[0,0],[0,0],[0,0],[0,0],[0,0],[0,0],[-0.221,0.216],[0,0],[0,0],[0,0],[0,0],[-0.338,0.001],[0,0],[0,0],[0,0],[0,0],[0,0],[0,0],[0,0],[0,0],[0,0],[0.036,0.567],[0,0],[0,0],[0,0],[0,0],[-1.179,-0.003],[0,0],[0,0],[0.001,0.583],[0,0],[0.595,0.027],[0,0],[0,0],[0.395,-0.407],[0,0],[0,0],[0,0],[0,0],[0,-0.599],[0,0],[0,0],[0,0],[0,0],[0,0],[0,0]],"o":[[0,0],[0,0],[0,0],[0,0],[0,0],[0,-0.319],[0,0],[0,0],[0,0],[0,0],[0.211,-0.215],[0,0],[0,0],[0,0],[0,0],[0,0],[0,0],[0,0],[0,0],[0,0],[-0.702,0.004],[0,0],[0,0],[0,0],[0,0],[0.108,1.162],[0,0],[0,0],[0.596,-0.026],[0,0],[0.001,-0.583],[0,0],[0,0],[-0.599,-0.001],[0,0],[0,0],[0,0],[0,0],[-0.405,0.395],[0,0],[0,0],[0,0],[0,0],[0,0],[0,0],[0,0]],"v":[[-2.249,0.152],[-1.749,0.152],[-1.749,0.147],[-1.749,0.123],[-1.751,0.099],[-1.757,-0.012],[-1.404,-0.842],[-1.397,-0.849],[-1.381,-0.866],[-1.744,-1.209],[-1.386,-0.861],[-0.554,-1.203],[1.672,-1.203],[1.672,-1.703],[1.648,-1.204],[1.757,-1.106],[1.757,1.108],[1.649,1.205],[1.672,1.704],[1.672,1.204],[-0.425,1.204],[-1.751,0.111],[-2.249,0.152],[-1.749,0.152],[-2.249,0.152],[-2.747,0.194],[-0.425,2.204],[1.683,2.204],[1.695,2.204],[2.757,1.108],[2.757,-1.106],[1.696,-2.202],[1.684,-2.203],[-0.554,-2.203],[-2.103,-1.558],[-2.105,-1.556],[-2.116,-1.544],[-1.753,-1.2],[-2.102,-1.558],[-2.757,-0.012],[-2.747,0.194],[-2.249,0.147],[-2.749,0.147],[-2.749,0.152],[-2.749,0.173],[-2.747,0.194]],"c":true},"ix":2},"nm":"Path 1","mn":"ADBE Vector Shape - Group","hd":false},{"ty":"fl","c":{"a":0,"k":[0.073344533584,0.055324606802,0.063933077046,1],"ix":4},"o":{"a":0,"k":100,"ix":5},"r":1,"bm":0,"nm":"Fill 1","mn":"ADBE Vector Graphic - Fill","hd":false},{"ty":"tr","p":{"a":0,"k":[19.743,10.862],"ix":2},"a":{"a":0,"k":[0,0],"ix":1},"s":{"a":0,"k":[100,100],"ix":3},"r":{"a":0,"k":0,"ix":6},"o":{"a":0,"k":100,"ix":7},"sk":{"a":0,"k":0,"ix":4},"sa":{"a":0,"k":0,"ix":5},"nm":"Transform"}],"nm":"Group 6","np":4,"cix":2,"bm":0,"ix":6,"mn":"ADBE Vector Group","hd":false},{"ty":"gr","it":[{"ind":0,"ty":"sh","ix":1,"ks":{"a":0,"k":{"i":[[0.072,0.864],[0,0],[-0.349,0.34],[0,0],[-0.469,0],[0,0],[0,-0.313],[0,0],[0.336,-0.016],[0,0]],"o":[[0,0],[-0.05,-0.519],[0,0],[0.303,-0.311],[0,0],[0.336,0.016],[0,0],[0,0.313],[0,0],[-0.94,0]],"v":[[-2.228,0.152],[-2.228,0.146],[-1.732,-1.201],[-1.723,-1.21],[-0.533,-1.704],[1.693,-1.704],[2.278,-1.107],[2.278,1.107],[1.693,1.704],[-0.404,1.704]],"c":true},"ix":2},"nm":"Path 1","mn":"ADBE Vector Shape - Group","hd":false},{"ty":"fl","c":{"a":0,"k":[0.073344533584,0.055324606802,0.063933077046,1],"ix":4},"o":{"a":0,"k":100,"ix":5},"r":1,"bm":0,"nm":"Fill 1","mn":"ADBE Vector Graphic - Fill","hd":false},{"ty":"tr","p":{"a":0,"k":[19.722,10.862],"ix":2},"a":{"a":0,"k":[0,0],"ix":1},"s":{"a":0,"k":[100,100],"ix":3},"r":{"a":0,"k":0,"ix":6},"o":{"a":0,"k":100,"ix":7},"sk":{"a":0,"k":0,"ix":4},"sa":{"a":0,"k":0,"ix":5},"nm":"Transform"}],"nm":"Group 7","np":2,"cix":2,"bm":0,"ix":7,"mn":"ADBE Vector Group","hd":false}],"ip":0,"op":2071.00008435356,"st":0,"bm":0}],"markers":[]}