{"v":"5.9.2","fr":29.9700012207031,"ip":0,"op":60.0000024438501,"w":80,"h":80,"nm":"Mloader","ddd":0,"assets":[],"layers":[{"ddd":0,"ind":1,"ty":4,"nm":"MLoader Outlines","sr":1,"ks":{"o":{"a":0,"k":100,"ix":11},"r":{"a":0,"k":0,"ix":10},"p":{"a":0,"k":[40,40,0],"ix":2,"l":2},"a":{"a":0,"k":[36,6,0],"ix":1,"l":2},"s":{"a":0,"k":[100,100,100],"ix":6,"l":2}},"ao":0,"shapes":[{"ty":"gr","it":[{"ind":0,"ty":"sh","ix":1,"ks":{"a":0,"k":{"i":[[0,-3.313],[-3.313,0],[0,3.313],[3.313,0]],"o":[[0,3.313],[3.313,0],[0,-3.313],[-3.313,0]],"v":[[-6,0],[0,6],[6,0],[0,-6]],"c":true},"ix":2},"nm":"Path 1","mn":"ADBE Vector Shape - Group","hd":false},{"ty":"fl","c":{"a":0,"k":[0,0.86274510622,0.86274510622,1],"ix":4},"o":{"a":0,"k":100,"ix":5},"r":1,"bm":0,"nm":"Fill 1","mn":"ADBE Vector Graphic - Fill","hd":false},{"ty":"tr","p":{"a":1,"k":[{"i":{"x":0.833,"y":0.833},"o":{"x":0.333,"y":0},"t":0,"s":[6,6],"to":[0,-2],"ti":[0,-0.667]},{"i":{"x":0.667,"y":1},"o":{"x":0.167,"y":0.167},"t":10,"s":[6,-6],"to":[0,0.667],"ti":[0,-2]},{"i":{"x":0.833,"y":0.833},"o":{"x":0.333,"y":0},"t":15,"s":[6,10],"to":[0,2],"ti":[0,0.667]},{"t":20.0000008146167,"s":[6,6]}],"ix":2},"a":{"a":0,"k":[0,0],"ix":1},"s":{"a":0,"k":[100,100],"ix":3},"r":{"a":0,"k":0,"ix":6},"o":{"a":0,"k":100,"ix":7},"sk":{"a":0,"k":0,"ix":4},"sa":{"a":0,"k":0,"ix":5},"nm":"Transform"}],"nm":"Dot01","np":2,"cix":2,"bm":0,"ix":1,"mn":"ADBE Vector Group","hd":false},{"ty":"gr","it":[{"ind":0,"ty":"sh","ix":1,"ks":{"a":0,"k":{"i":[[0,-3.313],[-3.314,0],[0,3.313],[3.313,0]],"o":[[0,3.313],[3.313,0],[0,-3.313],[-3.314,0]],"v":[[-6,0],[0,6],[6,0],[0,-6]],"c":true},"ix":2},"nm":"Path 1","mn":"ADBE Vector Shape - Group","hd":false},{"ty":"fl","c":{"a":0,"k":[0.164705887437,0.839215695858,0.658823549747,1],"ix":4},"o":{"a":0,"k":100,"ix":5},"r":1,"bm":0,"nm":"Fill 1","mn":"ADBE Vector Graphic - Fill","hd":false},{"ty":"tr","p":{"a":1,"k":[{"i":{"x":0.833,"y":0.833},"o":{"x":0.333,"y":0},"t":10,"s":[26,6],"to":[0,-2],"ti":[0,-0.667]},{"i":{"x":0.667,"y":1},"o":{"x":0.167,"y":0.167},"t":20,"s":[26,-6],"to":[0,0.667],"ti":[0,-2]},{"i":{"x":0.833,"y":0.833},"o":{"x":0.333,"y":0},"t":25,"s":[26,10],"to":[0,2],"ti":[0,0.667]},{"t":30.0000012219251,"s":[26,6]}],"ix":2},"a":{"a":0,"k":[0,0],"ix":1},"s":{"a":0,"k":[100,100],"ix":3},"r":{"a":0,"k":0,"ix":6},"o":{"a":0,"k":100,"ix":7},"sk":{"a":0,"k":0,"ix":4},"sa":{"a":0,"k":0,"ix":5},"nm":"Transform"}],"nm":"Dot02","np":2,"cix":2,"bm":0,"ix":2,"mn":"ADBE Vector Group","hd":false},{"ty":"gr","it":[{"ind":0,"ty":"sh","ix":1,"ks":{"a":0,"k":{"i":[[0,-3.313],[-3.314,0],[0,3.313],[3.314,0]],"o":[[0,3.313],[3.314,0],[0,-3.313],[-3.314,0]],"v":[[-6,0],[0,6],[6,0],[0,-6]],"c":true},"ix":2},"nm":"Path 1","mn":"ADBE Vector Shape - Group","hd":false},{"ty":"fl","c":{"a":0,"k":[0.992156863213,0.494117647409,0.392156869173,1],"ix":4},"o":{"a":0,"k":100,"ix":5},"r":1,"bm":0,"nm":"Fill 1","mn":"ADBE Vector Graphic - Fill","hd":false},{"ty":"tr","p":{"a":1,"k":[{"i":{"x":0.833,"y":0.833},"o":{"x":0.333,"y":0},"t":20,"s":[46,6],"to":[0,-2],"ti":[0,-0.667]},{"i":{"x":0.667,"y":1},"o":{"x":0.167,"y":0.167},"t":30,"s":[46,-6],"to":[0,0.667],"ti":[0,-2]},{"i":{"x":0.833,"y":0.833},"o":{"x":0.333,"y":0},"t":35,"s":[46,10],"to":[0,2],"ti":[0,0.667]},{"t":40.0000016292334,"s":[46,6]}],"ix":2},"a":{"a":0,"k":[0,0],"ix":1},"s":{"a":0,"k":[100,100],"ix":3},"r":{"a":0,"k":0,"ix":6},"o":{"a":0,"k":100,"ix":7},"sk":{"a":0,"k":0,"ix":4},"sa":{"a":0,"k":0,"ix":5},"nm":"Transform"}],"nm":"Dot03","np":2,"cix":2,"bm":0,"ix":3,"mn":"ADBE Vector Group","hd":false},{"ty":"gr","it":[{"ind":0,"ty":"sh","ix":1,"ks":{"a":0,"k":{"i":[[0,-3.313],[-3.314,0],[0,3.313],[3.314,0]],"o":[[0,3.313],[3.314,0],[0,-3.313],[-3.314,0]],"v":[[-6,0],[0,6],[6,0],[0,-6]],"c":true},"ix":2},"nm":"Path 1","mn":"ADBE Vector Shape - Group","hd":false},{"ty":"fl","c":{"a":0,"k":[0.345098048449,0.274509817362,1,1],"ix":4},"o":{"a":0,"k":100,"ix":5},"r":1,"bm":0,"nm":"Fill 1","mn":"ADBE Vector Graphic - Fill","hd":false},{"ty":"tr","p":{"a":1,"k":[{"i":{"x":0.833,"y":0.833},"o":{"x":0.333,"y":0},"t":30,"s":[66,6],"to":[0,-2],"ti":[0,-0.667]},{"i":{"x":0.667,"y":1},"o":{"x":0.167,"y":0.167},"t":40,"s":[66,-6],"to":[0,0.667],"ti":[0,-2]},{"i":{"x":0.833,"y":0.833},"o":{"x":0.333,"y":0},"t":45,"s":[66,10],"to":[0,2],"ti":[0,0.667]},{"t":50.0000020365418,"s":[66,6]}],"ix":2},"a":{"a":0,"k":[0,0],"ix":1},"s":{"a":0,"k":[100,100],"ix":3},"r":{"a":0,"k":0,"ix":6},"o":{"a":0,"k":100,"ix":7},"sk":{"a":0,"k":0,"ix":4},"sa":{"a":0,"k":0,"ix":5},"nm":"Transform"}],"nm":"Dot04","np":2,"cix":2,"bm":0,"ix":4,"mn":"ADBE Vector Group","hd":false}],"ip":0,"op":90.0000036657751,"st":0,"bm":0}],"markers":[]}